{"stats":{"minecraft:custom":{"minecraft:time_since_rest":6024,"minecraft:crouch_one_cm":172,"minecraft:play_one_minute":6024,"minecraft:sprint_one_cm":23090,"minecraft:damage_taken":180,"minecraft:walk_one_cm":17299,"minecraft:sneak_time":51,"minecraft:walk_under_water_one_cm":70,"minecraft:drop":2,"minecraft:jump":285,"minecraft:leave_game":1,"minecraft:time_since_death":6024,"minecraft:walk_on_water_one_cm":281,"minecraft:swim_one_cm":463,"minecraft:fall_one_cm":10441,"minecraft:fly_one_cm":43098},"minecraft:crafted":{"minecraft:spruce_planks":4},"minecraft:mined":{"minecraft:grass":9,"minecraft:grass_block":8,"minecraft:dirt":4,"minecraft:spruce_leaves":3,"minecraft:spruce_log":1,"minecraft:birch_leaves":1,"minecraft:oak_leaves":2},"minecraft:used":{"minecraft:dirt":12,"minecraft:spruce_planks":4},"minecraft:dropped":{"minecraft:dirt":1,"minecraft:wheat_seeds":1},"minecraft:picked_up":{"minecraft:wheat_seeds":1,"minecraft:spruce_log":1,"minecraft:dirt":13}},"DataVersion":2586}